{"cameraMode":{"drawMode":0,"name":"Shaded","section":"Shading Mode"},"sceneLighting":false,"audioPlay":false,"sceneViewState":{"m_AlwaysRefresh":false,"showFog":true,"showSkybox":false,"showFlares":true,"showImageEffects":true,"showParticleSystems":true,"showVisualEffectGraphs":true,"m_FxEnabled":true},"in2DMode":false,"pivot":{"x":-0.027589082717895509,"y":-0.07160758972167969,"z":6.980000019073486},"rotation":{"x":0.1890006810426712,"y":-0.7444486021995544,"z":0.23641766607761384,"w":0.5951405167579651},"size":4.330126762390137,"orthographic":false}